Java,Classes,Packages,LOC,PL,RFC,CLOC,CBO,NOC,LCOM,WMC,DIT,Class Variables,Class Methods,NIM,NIV,Local Methods,Methods,Default Methods,Private Methods,Protected Methods,Public Methods,BLOC,Declarative Line of Code,Executable Line of Code,Statements,Declarative Statements,Executable Statements,Comment to Code Ratio,questions
0.0,0.0,1.0,0.0,0.0,0.0,0.0,0.0,0.0,1.0,0.0,0.0,0.0,0.0,0.0,1.0,0.0,0.0,0.0,0.0,0.0,0.0,0.0,0.0,0.0,0.0,0.0,0.0,0.15216384023723506,0.0
0.725,0.725,0.0,1.0,0.8426407140520014,0.5833961997265301,0.3448890115473151,1.0,0.0,0.15506352905796567,0.9879108086325787,1.0,1.0,0.7855182706658319,1.0,0.8643268727082134,0.9673051519154563,0.5833961997265301,0.38888888888888884,0.6922837827337015,1.0,1.0,0.6596471783504213,1.0,1.0,1.0,1.0,1.0,0.0,0.0
0.725,0.725,0.0,1.0,0.8426407140520014,0.5833961997265301,0.3448890115473151,1.0,0.0,0.15506352905796567,0.9879108086325787,1.0,1.0,0.7855182706658319,1.0,0.8643268727082134,0.9673051519154563,0.5833961997265301,0.38888888888888884,0.6922837827337015,1.0,1.0,0.6596471783504213,1.0,1.0,1.0,1.0,1.0,0.0,1.0
1.0,1.0,0.0,0.9062136459460948,0.9892582756932662,1.0,0.9601551768476645,0.5604794769342527,0.0,0.0,1.0,0.2613515241952895,0.7484229722861669,1.0,0.5514272768463947,0.0,1.0,1.0,1.0,1.0,0.4718792866941024,0.6878427286685653,1.0,0.7713036756670313,0.9248530549041534,0.9832324376116025,0.8443548124776368,0.9916986546416715,0.8990825688073381,1.0
1.0,1.0,0.0,0.9062136459460948,1.0,1.0,1.0,0.5604794769342527,0.0,0.0,1.0,0.2613515241952895,0.7484229722861669,1.0,0.5514272768463995,0.0,1.0,1.0,1.0,1.0,0.4718792866941024,0.6878427286685653,1.0,0.7713036756670313,0.9248530549041534,0.9832324376116025,0.8443548124776368,0.9916986546416715,1.0,1.0
